Frequency_Hz,Real_Epsilon,Imag_Epsilon,Mu
0.2,6.613576056803978,0.0004024363107213069,1.0
0.45030060120240484,6.607692384299066,0.00040418204115059313,1.0
0.7006012024048096,6.604626642730859,0.00040609776652045465,1.0
0.9509018036072145,6.602600610876796,0.00040807573131854406,1.0
1.2012024048096193,6.601120752080838,0.0004100860255480783,1.0
1.4515030060120242,6.599978252727696,0.0004121159920158737,1.0
1.701803607214429,6.599064977717427,0.0004141590741463697,1.0
1.9521042084168336,6.598317629356227,0.0004162114322872114,1.0
2.202404809619239,6.597695944957256,0.00041827062259193996,1.0
2.4527054108216437,6.597172720480067,0.0004203349925020066,1.0
2.7030060120240487,6.596728710893631,0.00042240337173406255,1.0
2.953306613226453,6.596349799809691,0.0004244749007737839,1.0
3.203607214428858,6.5960253251045575,0.00042654892941686553,1.0
3.453907815631263,6.5957470365333695,0.00042862495360562644,1.0
3.7042084168336675,6.59550841908016,0.00043070257442739165,1.0
3.9545090180360725,6.595304238108696,0.0004327814705529017,1.0
4.204809619238477,6.595130224414852,0.0004348613791520621,1.0
4.455110220440882,6.594982850525187,0.00043694208233875957,1.0
4.705410821643287,6.594859168250439,0.00043902339732742376,1.0
4.955711422845692,6.594756688408063,0.000441105169144823,1.0
5.206012024048097,6.594673290224449,0.00044318726514030223,1.0
5.456312625250502,6.594607152040547,0.0004452695707869019,1.0
5.706613226452906,6.594556697579086,0.0004473519864254315,1.0
5.9569138276553115,6.594520553759594,0.00044943442470828386,1.0
6.207214428857716,6.594497517205624,0.00045151680856995264,1.0
6.4575150300601205,6.594486527379853,0.0004535990695991678,1.0
6.707815631262526,6.594486644832995,0.00045568114672090093,1.0
6.95811623246493,6.594497033441176,0.0004577629851200536,1.0
7.208416833667335,6.594516945785175,0.00045984453535552526,1.0
7.45871743486974,6.594545711027385,0.00046192575262563284,1.0
7.709018036072145,6.594582724791385,0.00046400659615487654,1.0
7.95931863727455,6.5946274406598215,0.0004660870286787679,1.0
8.209619238476954,6.594679362989688,0.0004681670160084873,1.0
8.459919839679358,6.594738040807416,0.0004702465266609696,1.0
8.710220440881763,6.594803062594699,0.00047232553154296676,1.0
8.960521042084169,6.594874051813533,0.0004744040036799009,1.0
9.210821643286573,6.594950663048163,0.0004764819179821014,1.0
9.461122244488978,6.59503257866464,0.000478559251042404,1.0
9.711422845691382,6.595119505906822,0.00048063598096019836,1.0
9.961723446893787,6.595211174362131,0.0004827120871878797,1.0
10.212024048096193,6.595307333741986,0.00048478755039636887,1.0
10.462324649298598,6.595407751931154,0.0004868623523569276,1.0
10.712625250501002,6.595512213267842,0.0004889364758369553,1.0
10.962925851703407,6.595620517022548,0.0004910099045078292,1.0
11.213226452905811,6.595732476048717,0.0004930826228631566,1.0
11.463527054108216,6.595847915582442,0.0004951546161460567,1.0
11.713827655310622,6.595966672171873,0.0004972258702843034,1.0
11.964128256513026,6.596088592719884,0.0004992963718323299,1.0
12.214428857715431,6.5962135336259,0.0005013661079192434,1.0
12.464729458917835,6.596341360014823,0.0005034350662021163,1.0
12.71503006012024,6.596471945042658,0.000505503234823925,1.0
12.965330661322646,6.596605169269864,0.0005075706023755942,1.0
13.21563126252505,6.596740920094639,0.0005096371578616709,1.0
13.465931863727455,6.596879091239422,0.0005117028906692237,1.0
13.71623246492986,6.597019582284688,0.0005137677905396092,1.0
13.966533066132264,6.597162298244946,0.0005158318475427933,1.0
14.216833667334669,6.597307149182388,0.0005178950520539565,1.0
14.467134268537075,6.597454049854294,0.0005199573947321427,1.0
14.71743486973948,6.5976029193906855,0.0005220188665007417,1.0
14.967735470941884,6.597753680999178,0.0005240794585296201,1.0
15.218036072144288,6.597906261694318,0.0005261391622187359,1.0
15.468336673346693,6.598060592049014,0.0005281979691830904,1.0
15.7186372745491,6.598216605965927,0.0005302558712388925,1.0
15.968937875751504,6.59837424046693,0.0005323128603908146,1.0
16.219238476953908,6.5985334354989424,0.0005343689288202435,1.0
16.469539078156313,6.598694133754659,0.0005364240688744317,1.0
16.719839679358717,6.598856280506778,0.0005384782730564687,1.0
16.97014028056112,6.599019823454581,0.0005405315340159988,1.0
17.220440881763526,6.599184712581727,0.0005425838445406202,1.0
17.47074148296593,6.5993509000243336,0.0005446351975479063,1.0
17.72104208416834,6.599518339948421,0.0005466855860779948,1.0
17.971342685370743,6.5996869884359874,0.0005487350032867,1.0
18.221643286573148,6.599856803378934,0.0005507834424390999,1.0
18.471943887775552,6.600027744380256,0.0005528308969035649,1.0
18.722244488977957,6.600199772661869,0.0005548773601461881,1.0
18.97254509018036,6.6003728509785695,0.0005569228257255864,1.0
19.222845691382766,6.600546943537638,0.0005589672872880448,1.0
19.47314629258517,6.60072201592363,0.0005610107385629745,1.0
19.723446893787575,6.600898035027995,0.0005630531733586636,1.0
19.97374749498998,6.6010749689831165,0.0005650945855582959,1.0
20.224048096192387,6.60125278710047,0.0005671349691162189,1.0
20.47434869739479,6.601431459812587,0.0005691743180544426,1.0
20.724649298597196,6.601610958618544,0.0005712126264593521,1.0
20.9749498997996,6.601791256032725,0.0005732498884786189,1.0
21.225250501002005,6.601972325536629,0.000575286098318295,1.0
21.47555110220441,6.602154141533497,0.0005773212502400805,1.0
21.725851703406814,6.602336679305574,0.000579355338558749,1.0
21.97615230460922,6.60251991497382,0.0005813883576397216,1.0
22.226452905811623,6.602703825459907,0.00058342030189678,1.0
22.476753507014028,6.60288838845033,0.0005854511657899081,1.0
22.727054108216432,6.603073582362528,0.0005874809438232537,1.0
22.97735470941884,6.6032593863128435,0.0005895096305432038,1.0
23.227655310621245,6.603445780086229,0.0005915372205365635,1.0
23.47795591182365,6.603632744107574,0.0005935637084288356,1.0
23.728256513026054,6.603820259414552,0.0005955890888825907,1.0
23.978557114228458,6.6040083076318945,0.0005976133565959232,1.0
24.228857715430863,6.6041968709470025,0.0005996365063009902,1.0
24.479158316633267,6.604385932086814,0.0006016585327626257,1.0
24.72945891783567,6.604575474295837,0.0006036794307770248,1.0
24.979759519038076,6.604765481315305,0.0006056991951704969,1.0
25.23006012024048,6.604955937363366,0.0006077178207982806,1.0
25.480360721442885,6.605146827116242,0.0006097353025434188,1.0
25.730661322645293,6.605338135690321,0.0006117516353156887,1.0
25.980961923847698,6.605529848625114,0.0006137668140505857,1.0
26.231262525050102,6.605721951867023,0.0006157808337083548,1.0
26.481563126252507,6.605914431753889,0.0006177936892730713,1.0
26.73186372745491,6.606107275000259,0.0006198053757517634,1.0
26.982164328657316,6.606300468683345,0.0006218158881735778,1.0
27.23246492985972,6.606494000229635,0.0006238252215889838,1.0
27.482765531062125,6.606687857402102,0.0006258333710690148,1.0
27.73306613226453,6.606882028288016,0.0006278403317045459,1.0
27.983366733466934,6.607076501287282,0.0006298460986056026,1.0
28.233667334669338,6.607271265101312,0.0006318506669007035,1.0
28.483967935871746,6.60746630872238,0.0006338540317362304,1.0
28.73426853707415,6.607661621423446,0.0006358561882758286,1.0
28.984569138276555,6.607857192748425,0.000637857131699833,1.0
29.23486973947896,6.60805301250287,0.0006398568572047198,1.0
29.485170340681364,6.608249070745048,0.0006418553600025818,1.0
29.73547094188377,6.608445357777411,0.000643852635320628,1.0
29.985771543086173,6.608641864138401,0.0006458486784007027,1.0
30.236072144288578,6.608838580594616,0.0006478434844988274,1.0
30.486372745490982,6.609035498133284,0.0006498370488847613,1.0
30.736673346693387,6.609232607955057,0.0006518293668415797,1.0
30.986973947895795,6.609429901467088,0.0006538204336652726,1.0
31.2372745490982,6.6096273702763915,0.0006558102446643571,1.0
31.487575150300604,6.609825006183472,0.0006577987951595075,1.0
31.737875751503008,6.610022801176196,0.0006597860804832022,1.0
31.988176352705413,6.610220747423914,0.000661772095979381,1.0
32.23847695390782,6.610418837271803,0.0006637568370031215,1.0
32.488777555110225,6.610617063235437,0.000665740298920324,1.0
32.73907815631263,6.61081541799556,0.0006677224771074129,1.0
32.989378757515034,6.61101389439306,0.0006697033669510472,1.0
33.23967935871744,6.611212485424133,0.0006716829638478451,1.0
33.48997995991984,6.611411184235628,0.0006736612632041169,1.0
33.74028056112225,6.611609984120564,0.0006756382604356113,1.0
33.99058116232465,6.611808878513819,0.0006776139509672691,1.0
34.24088176352706,6.612007860987969,0.0006795883302329886,1.0
34.49118236472946,6.612206925249284,0.0006815613936753994,1.0
34.741482965931866,6.612406065133868,0.0006835331367456442,1.0
34.99178356713428,6.612605274603935,0.0006855035549031695,1.0
35.24208416833668,6.612804547744222,0.0006874726436155267,1.0
35.492384769539086,6.613003878758525,0.0006894403983581762,1.0
35.74268537074149,6.6132032619663565,0.0006914068146143028,1.0
35.992985971943895,6.613402691799735,0.0006933718878746372,1.0
36.2432865731463,6.613602162800049,0.0006953356136372834,1.0
36.493587174348704,6.613801669615075,0.0006972979874075528,1.0
36.74388777555111,6.6140012069960665,0.0006992590046978061,1.0
36.99418837675351,6.6142007697949445,0.0007012186610272986,1.0
37.24448897795592,6.614400352961601,0.0007031769519220347,1.0
37.49478957915832,6.614599951541272,0.0007051338729146229,1.0
37.74509018036073,6.614799560672009,0.000707089419544142,1.0
37.99539078156313,6.614999175582232,0.0007090435873560076,1.0
38.245691382765536,6.615198791588365,0.0007109963719018461,1.0
38.49599198396794,6.615398404092542,0.0007129477687393726,1.0
38.746292585170345,6.615598008580397,0.0007148977734322729,1.0
38.99659318637275,6.615797600618915,0.0007168463815500906,1.0
39.246893787575154,6.6159971758543605,0.0007187935886681183,1.0
39.49719438877756,6.616196730010266,0.0007207393903672918,1.0
39.74749498997996,6.616396258885487,0.0007226837822340899,1.0
39.99779559118237,6.616595758352322,0.0007246267598604362,1.0
40.24809619238478,6.616795224354676,0.0007265683188436053,1.0
40.49839679358718,6.616994652906305,0.0007285084547861329,1.0
40.74869739478959,6.617194040089089,0.0007304471632957278,1.0
40.99899799599199,6.617393382051379,0.0007323844399851891,1.0
41.2492985971944,6.617592675006383,0.000734320280472324,1.0
41.4995991983968,6.6177919152306,0.0007362546803798709,1.0
41.749899799599206,6.61799109906231,0.0007381876353354242,1.0
42.00020040080161,6.6181902229000995,0.0007401191409713622,1.0
42.250501002004015,6.618389283201438,0.0007420491929247769,1.0
42.50080160320642,6.618588276481294,0.0007439777868374069,1.0
42.751102204408824,6.6187871993107885,0.000745904918355574,1.0
43.00140280561123,6.6189860483158895,0.0007478305831301196,1.0
43.25170340681363,6.619184820176155,0.0007497547768163461,1.0
43.50200400801604,6.619383511623492,0.0007516774950739587,1.0
43.75230460921844,6.619582119440967,0.000753598733567009,1.0
44.002605210420846,6.619780640461648,0.0007555184879638432,1.0
44.25290581162325,6.61997907156747,0.0007574367539370497,1.0
44.503206412825655,6.620177409688148,0.0007593535271634103,1.0
44.75350701402806,6.6203756518001065,0.0007612688033238517,1.0
45.003807615230464,6.620573794925444,0.0007631825781034003,1.0
45.25410821643287,6.620771836130931,0.0007650948471911383,1.0
45.50440881763527,6.620969772527029,0.000767005606280161,1.0
45.754709418837685,6.6211676012669365,0.0007689148510675361,1.0
46.00501002004009,6.621365319545669,0.0007708225772542654,1.0
46.255310621242494,6.621562924599152,0.0007727287805452457,1.0
46.5056112224449,6.621760413703348,0.0007746334566492341,1.0
46.7559118236473,6.621957784173409,0.0007765366012788125,1.0
47.00621242484971,6.622155033362832,0.000778438210150355,1.0
47.25651302605211,6.622352158662668,0.0007803382789839955,1.0
47.506813627254516,6.622549157500729,0.0007822368035035967,1.0
47.75711422845692,6.622746027340816,0.0007841337794367218,1.0
48.007414829659325,6.622942765681985,0.0007860292025146057,1.0
48.25771543086173,6.6231393700578085,0.0007879230684721284,1.0
48.508016032064134,6.623335838035678,0.0007898153730477872,1.0
48.75831663326654,6.623532167216111,0.0007917061119836768,1.0
49.00861723446894,6.62372835523208,0.0007935952810254598,1.0
49.25891783567135,6.623924399748357,0.0007954828759223485,1.0
49.50921843687375,6.624120298460873,0.0007973688924270814,1.0
49.75951903807616,6.624316049096109,0.0007992533262959028,1.0
50.00981963927856,6.62451164941047,0.0008011361732885439,1.0
50.260120240480965,6.624707097189713,0.0008030174291682036,1.0
50.51042084168337,6.624902390248359,0.0008048970897015304,1.0
50.760721442885774,6.625097526429136,0.0008067751506586063,1.0
51.011022044088186,6.625292503602429,0.0008086516078129294,1.0
51.26132264529059,6.6254873196657496,0.0008105264569414006,1.0
51.511623246492995,6.625681972543206,0.0008123996938243076,1.0
51.7619238476954,6.625876460185003,0.0008142713142453113,1.0
52.012224448897804,6.626070780566942,0.0008161413139914336,1.0
52.26252505010021,6.626264931689935,0.0008180096888530454,1.0
52.51282565130261,6.6264589115795305,0.0008198764346238536,1.0
52.76312625250502,6.62665271828546,0.0008217415471008921,1.0
53.01342685370742,6.626846349881175,0.0008236050220845102,1.0
53.26372745490983,6.627039804463417,0.000825466855378364,1.0
53.51402805611223,6.62723308015178,0.000827327042789408,1.0
53.764328657314636,6.6274261750883,0.0008291855801278846,1.0
54.01462925851704,6.627619087437033,0.0008310424632073198,1.0
54.264929859719444,6.627811815383668,0.0008328976878445135,1.0
54.51523046092185,6.628004357135121,0.0008347512498595342,1.0
54.76553106212425,6.628196710919169,0.0008366031450757123,1.0
55.01583166332666,6.628388874984062,0.0008384533693196359,1.0
55.26613226452906,6.628580847598165,0.0008403019184211449,1.0
55.51643286573147,6.628772627049605,0.0008421487882133269,1.0
55.76673346693387,6.628964211645911,0.0008439939745325134,1.0
56.017034068136276,6.629155599713682,0.0008458374732182765,1.0
56.26733466933868,6.629346789598257,0.0008476792801134256,1.0
56.51763527054109,6.629537779663374,0.0008495193910640051,1.0
56.7679358717435,6.629728568290869,0.0008513578019192925,1.0
57.0182364729459,6.629919153880355,0.000853194508531797,1.0
57.268537074148306,6.630109534848916,0.000855029506757257,1.0
57.51883767535071,6.630299709630815,0.0008568627924546422,1.0
57.769138276553115,6.630489676677199,0.0008586943614861491,1.0
58.01943887775552,6.630679434455811,0.0008605242097172042,1.0
58.26973947895792,6.630868981450718,0.0008623523330164645,1.0
58.52004008016033,6.631058316162033,0.0008641787272558148,1.0
58.77034068136273,6.631247437105648,0.0008660033883103734,1.0
59.02064128256514,6.631436342812972,0.0008678263120584899,1.0
59.27094188376754,6.631625031830679,0.0008696474943817492,1.0
59.521242484969946,6.631813502720455,0.0008714669311649722,1.0
59.77154308617235,6.632001754058749,0.0008732846182962191,1.0
60.021843687374755,6.632189784436537,0.0008751005516667922,1.0
60.27214428857716,6.632377592459093,0.0008769147271712383,1.0
60.522444889779564,6.632565176745743,0.0008787271407073526,1.0
60.77274549098197,6.632752535929654,0.0008805377881761823,1.0
61.02304609218437,6.632939668657607,0.0008823466654820303,1.0
61.27334669338678,6.633126573589781,0.0008841537685324596,1.0
61.52364729458918,6.633313249399542,0.0008859590932382977,1.0
61.77394789579159,6.633499694773235,0.000887762635513642,1.0
62.024248496994,6.633685908409981,0.0008895643912758632,1.0
62.2745490981964,6.6338718890214805,0.0008913643564456122,1.0
62.52484969939881,6.6340576353318115,0.0008931625269468253,1.0
62.77515030060121,6.634243146077246,0.000894958898706729,1.0
63.025450901803616,6.634428420006056,0.0008967534676558467,1.0
63.27575150300602,6.634613455878339,0.0008985462297280051,1.0
63.526052104208425,6.634798252465823,0.0009003371808603408,1.0
63.77635270541083,6.6349828085517055,0.0009021263169933048,1.0
64.02665330661323,6.635167122930475,0.0009039136340706732,1.0
64.27695390781564,6.635351194407732,0.000905699128039551,1.0
64.52725450901805,6.63553502180004,0.0009074827948503799,1.0
64.77755511022045,6.635718603934749,0.0009092646304569473,1.0
65.02785571142286,6.635901939649841,0.0009110446308163928,1.0
65.27815631262526,6.636085027793774,0.0009128227918892161,1.0
65.52845691382767,6.636267867225325,0.0009145991096392854,1.0
65.77875751503007,6.636450456813437,0.0009163735800338444,1.0
66.02905811623248,6.636632795437083,0.0009181461990435229,1.0
66.27935871743487,6.6368148819851065,0.0009199169626423439,1.0
66.52965931863729,6.636996715356087,0.000921685866807731,1.0
66.77995991983968,6.6371782944582,0.0009234529075205205,1.0
67.0302605210421,6.637359618209074,0.0009252180807649683,1.0
67.28056112224449,6.637540685535666,0.0009269813825287586,1.0
67.5308617234469,6.637721495374122,0.0009287428088030154,1.0
67.7811623246493,6.637902046669648,0.0009305023555823101,1.0
68.03146292585171,6.638082338376386,0.0009322600188646709,1.0
68.28176352705411,6.638262369457289,0.000934015794651595,1.0
68.53206412825652,6.638442138883994,0.0009357696789480566,1.0
68.78236472945892,6.638621645636708,0.0009375216677625158,1.0
69.03266533066133,6.638800888704085,0.0009392717571069327,1.0
69.28296593186373,6.638979867083112,0.0009410199429967724,1.0
69.53326653306614,6.639158579779001,0.0009427662214510214,1.0
69.78356713426855,6.639337025805062,0.0009445105884921933,1.0
70.03386773547095,6.63951520418261,0.0009462530401463404,1.0
70.28416833667336,6.639693113940851,0.0009479935724430677,1.0
70.53446893787576,6.639870754116769,0.0009497321814155391,1.0
70.78476953907817,6.640048123755037,0.0009514688631004932,1.0
71.03507014028057,6.640225221907899,0.0009532036135382501,1.0
71.28537074148298,6.640402047635084,0.0009549364287727246,1.0
71.53567134268538,6.640578600003698,0.0009566673048514385,1.0
71.78597194388779,6.64075487808813,0.000958396237825531,1.0
72.03627254509018,6.640930880969956,0.0009601232237497694,1.0
72.2865731462926,6.64110660773785,0.0009618482586825623,1.0
72.536873747495,6.641282057487489,0.0009635713386859702,1.0
72.7871743486974,6.641457229321461,0.0009652924598257183,1.0
73.0374749498998,6.641632122349181,0.0009670116181712077,1.0
73.28777555110221,6.641806735686798,0.0009687288097955275,1.0
73.53807615230461,6.641981068457113,0.0009704440307754673,1.0
73.78837675350702,6.6421551197895035,0.0009721572771915288,1.0
74.03867735470942,6.64232888881982,0.0009738685451279388,1.0
74.28897795591183,6.642502374690325,0.000975577830672661,1.0
74.53927855711423,6.6426755765496015,0.0009772851299174076,1.0
74.78957915831664,6.642848493552481,0.0009789904389576548,1.0
75.03987975951905,6.6430211248599615,0.0009806937538926516,1.0
75.29018036072145,6.643193469639135,0.0009823950708254343,1.0
75.54048096192386,6.643365527063109,0.0009840943858628408,1.0
75.79078156312626,6.64353729631094,0.0009857916951155196,1.0
76.04108216432867,6.643708776567554,0.0009874869946979463,1.0
76.29138276553107,6.643879967023679,0.000989180280728434,1.0
76.54168336673348,6.6440508668757765,0.0009908715493291485,1.0
76.79198396793588,6.6442214753259705,0.000992560796626119,1.0
77.04228456913829,6.644391791581979,0.0009942480187492533,1.0
77.29258517034069,6.644561814857053,0.0009959332118323492,1.0
77.5428857715431,6.6447315443699075,0.0009976163720131102,1.0
77.7931863727455,6.644900979344654,0.0009992974954331558,1.0
78.0434869739479,6.645070119010745,0.0010009765782380369,1.0
78.2937875751503,6.645238962602907,0.0010026536165772494,1.0
78.54408817635272,6.645407509361075,0.0010043286066042452,1.0
78.79438877755511,6.645575758530347,0.0010060015444764492,1.0
79.04468937875752,6.645743709360908,0.0010076724263552708,1.0
79.29498997995992,6.6459113611079825,0.0010093412484061166,1.0
79.54529058116233,6.6460787130317724,0.0010110080067984076,1.0
79.79559118236473,6.646245764397402,0.0010126726977055887,1.0
80.04589178356714,6.646412514474865,0.0010143353173051454,1.0
80.29619238476955,6.646578962538966,0.0010159958617786174,1.0
80.54649298597195,6.646745107869265,0.0010176543273116099,1.0
80.79679358717436,6.646910949750033,0.0010193107100938113,1.0
81.04709418837676,6.647076487470193,0.0010209650063190041,1.0
81.29739478957917,6.647241720323269,0.0010226172121850807,1.0
81.54769539078157,6.647406647607339,0.0010242673238940567,1.0
81.79799599198398,6.647571268624981,0.001025915337652085,1.0
82.04829659318638,6.647735582683229,0.0010275612496694689,1.0
82.29859719438879,6.64789958909352,0.0010292050561606799,1.0
82.54889779559119,6.648063287171653,0.0010308467533443671,1.0
82.7991983967936,6.648226676237732,0.0010324863374433745,1.0
83.049498997996,6.64838975561613,0.0010341238046847542,1.0
83.29979959919841,6.648552524635442,0.0010357591512997813,1.0
83.5501002004008,6.648714982628435,0.001037392373523968,1.0
83.80040080160322,6.648877128932009,0.001039023467597077,1.0
84.05070140280561,6.649038962887153,0.0010406524297631378,1.0
84.30100200400803,6.6492004838389,0.0010422792562704585,1.0
84.55130260521042,6.64936169113629,0.0010439039433716435,1.0
84.80160320641284,6.649522584132323,0.001045526487323606,1.0
85.05190380761523,6.649683162183924,0.0010471468843875815,1.0
85.30220440881764,6.649843424651895,0.001048765130829145,1.0
85.55250501002004,6.650003370900887,0.0010503812229182233,1.0
85.80280561122245,6.650163000299349,0.0010519951569291114,1.0
86.05310621242486,6.650322312219497,0.0010536069291404852,1.0
86.30340681362726,6.65048130603728,0.0010552165358354178,1.0
86.55370741482967,6.650639981132329,0.0010568239733013938,1.0
86.80400801603207,6.650798336887934,0.0010584292378303225,1.0
87.05430861723448,6.650956372691004,0.0010600323257185557,1.0
87.30460921843688,6.651114087932024,0.0010616332332668975,1.0
87.55490981963929,6.6512714820050345,0.001063231956780626,1.0
87.80521042084169,6.651428554307581,0.0010648284925695007,1.0
88.0555110220441,6.651585304240695,0.0010664228369477824,1.0
88.3058116232465,6.651741731208847,0.001068014986234247,1.0
88.55611222444891,6.651897834619924,0.0010696049367521976,1.0
88.80641282565131,6.65205361388519,0.0010711926848294834,1.0
89.05671342685372,6.652209068419259,0.0010727782267985113,1.0
89.30701402805612,6.6523641976400585,0.0010743615589962627,1.0
89.55731462925853,6.652519000968802,0.0010759426777643077,1.0
89.80761523046093,6.652673477829956,0.0010775215794488193,1.0
90.05791583166334,6.652827627651213,0.001079098260400591,1.0
90.30821643286573,6.652981449863458,0.001080672716975047,1.0
90.55851703406815,6.65313494390074,0.0010822449455322619,1.0
90.80881763527054,6.653288109200243,0.0010838149424369742,1.0
91.05911823647295,6.653440945202259,0.001085382704058599,1.0
91.30941883767537,6.653593451350161,0.001086948226771246,1.0
91.55971943887776,6.653745627090366,0.0010885115069537324,1.0
91.81002004008018,6.653897471872321,0.0010900725409896004,1.0
92.06032064128257,6.654048985148467,0.0010916313252671284,1.0
92.31062124248498,6.654200166374215,0.0010931878561793503,1.0
92.56092184368738,6.654351015007917,0.001094742130124067,1.0
92.8112224448898,6.6545015305108475,0.0010962941435038634,1.0
93.06152304609219,6.6546517123471665,0.0010978438927261235,1.0
93.3118236472946,6.654801559983906,0.0010993913742030437,1.0
93.562124248497,6.65495107289094,0.0011009365843516507,1.0
93.81242484969941,6.655100250540954,0.0011024795195938135,1.0
94.06272545090181,6.655249092409434,0.0011040201763562606,1.0
94.31302605210422,6.6553975979746305,0.001105558551070595,1.0
94.56332665330662,6.65554576671754,0.001107094640173307,1.0
94.81362725450903,6.655693598121885,0.001108628440105793,1.0
95.06392785571143,6.655841091674084,0.0011101599473143677,1.0
95.31422845691384,6.655988246863233,0.0011116891582502798,1.0
95.56452905811624,6.656135063181085,0.0011132160693697283,1.0
95.81482965931865,6.656281540122024,0.0011147406771338758,1.0
96.06513026052104,6.656427677183048,0.0011162629780088651,1.0
96.31543086172346,6.656573473863739,0.0011177829684658345,1.0
96.56573146292587,6.656718929666254,0.0011193006449809308,1.0
96.81603206412827,6.656864044095294,0.0011208160040353263,1.0
97.06633266533068,6.657008816658088,0.001122329042115234,1.0
97.31663326653307,6.6571532468643735,0.0011238397557119216,1.0
97.56693386773549,6.657297334226371,0.0011253481413217277,1.0
97.81723446893788,6.657441078258775,0.0011268541954460758,1.0
98.0675350701403,6.657584478478723,0.0011283579145914906,1.0
98.31783567134269,6.6577275344057805,0.0011298592952696117,1.0
98.5681362725451,6.657870245561927,0.001131358333997211,1.0
98.8184368737475,6.658012611471527,0.0011328550272962047,1.0
99.06873747494991,6.658154631661324,0.001134349371693672,1.0
99.31903807615231,6.658296305660411,0.0011358413637218665,1.0
99.56933867735472,6.658437633000218,0.0011373309999182346,1.0
99.81963927855712,6.6585786132144955,0.0011388182768254282,1.0
100.06993987975953,6.658719245839293,0.001140303190991321,1.0
100.32024048096193,6.658859530412946,0.0011417857389690242,1.0
100.57054108216434,6.658999466476054,0.0011432659173168994,1.0
100.82084168336674,6.659139053571465,0.0011447437225985755,1.0
101.07114228456915,6.659278291244267,0.0011462191513829647,1.0
101.32144288577155,6.659417179041757,0.001147692200244274,1.0
101.57174348697396,6.659555716513435,0.0011491628657620242,1.0
101.82204408817637,6.65969390321099,0.0011506311445210627,1.0
102.07234468937877,6.659831738688272,0.0011520970331115794,1.0
102.32264529058118,6.6599692225012905,0.001153560528129121,1.0
102.57294589178358,6.660106354208189,0.001155021626174607,1.0
102.82324649298599,6.660243133369234,0.001156480323854345,1.0
103.07354709418838,6.660379559546801,0.0011579366177800429,1.0
103.3238476953908,6.660515632305356,0.0011593905045688287,1.0
103.5741482965932,6.660651351211447,0.0011608419808432618,1.0
103.8244488977956,6.66078671583368,0.001162291043231349,1.0
104.074749498998,6.660921725742716,0.00116373768836656,1.0
104.32505010020041,6.661056380511248,0.0011651819128878419,1.0
104.57535070140281,6.661190679713988,0.0011666237134396345,1.0
104.82565130260522,6.661324622927662,0.0011680630866718845,1.0
105.07595190380762,6.661458209730985,0.001169500029240063,1.0
105.32625250501003,6.661591439704654,0.001170934537805177,1.0
105.57655310621243,6.661724312431333,0.0011723666090337856,1.0
105.82685370741484,6.661856827495642,0.0011737962395980174,1.0
106.07715430861724,6.6619889844841405,0.00117522342617558,1.0
106.32745490981965,6.662120782985318,0.0011766481654497825,1.0
106.57775551102205,6.662252222589579,0.0011780704541095425,1.0
106.82805611222446,6.662383302889233,0.001179490288849407,1.0
107.07835671342687,6.662514023478479,0.0011809076663695638,1.0
107.32865731462927,6.662644383953396,0.001182322583375858,1.0
107.57895791583168,6.662774383911934,0.0011837350365798067,1.0
107.82925851703408,6.662904022953892,0.0011851450226986128,1.0
108.07955911823649,6.663033300680915,0.0011865525384551815,1.0
108.32985971943889,6.663162216696485,0.0011879575805781334,1.0
108.5801603206413,6.663290770605896,0.0011893601458018211,1.0
108.8304609218437,6.66341896201626,0.0011907602308663429,1.0
109.0807615230461,6.663546790536482,0.0011921578325175572,1.0
109.3310621242485,6.663674255777256,0.0011935529475070982,1.0
109.58136272545092,6.663801357351054,0.0011949455725923908,1.0
109.83166332665331,6.6639280948721105,0.0011963357045366638,1.0
110.08196392785572,6.664054467956419,0.001197723340108967,1.0
110.33226452905812,6.6641804762217145,0.0011991084760841837,1.0
110.58256513026053,6.664306119287468,0.0012004911092430462,1.0
110.83286573146293,6.664431396774875,0.001201871236372152,1.0
111.08316633266534,6.664556308306842,0.0012032488542639754,1.0
111.33346693386774,6.664680853507985,0.0012046239597168855,1.0
111.58376753507015,6.664805032004609,0.0012059965495351574,1.0
111.83406813627255,6.664928843424704,0.0012073666205289903,1.0
112.08436873747496,6.665052287397939,0.001208734169514519,1.0
112.33466933867736,6.665175363555643,0.0012100991933138316,1.0
112.58496993987977,6.665298071530804,0.0012114616887549815,1.0
112.83527054108218,6.665420410958056,0.0012128216526720017,1.0
113.08557114228458,6.665542381473669,0.0012141790819049237,1.0
113.33587174348699,6.665663982715543,0.0012155339732997856,1.0
113.58617234468939,6.665785214323194,0.001216886323708651,1.0
113.8364729458918,6.665906075937754,0.0012182361299896236,1.0
114.0867735470942,6.666026567201953,0.001219583389006859,1.0
114.33707414829661,6.666146687760111,0.0012209280976305812,1.0
114.587374749499,6.666266437258141,0.001222270252737096,1.0
114.83767535070142,6.6663858153435225,0.0012236098512088066,1.0
115.08797595190381,6.666504821665308,0.0012249468899342263,1.0
115.33827655310623,6.666623455874109,0.0012262813658079944,1.0
115.58857715430862,6.6667417176220845,0.0012276132757308897,1.0
115.83887775551104,6.666859606562941,0.0012289426166098467,1.0
116.08917835671343,6.666977122351917,0.0012302693853579656,1.0
116.33947895791584,6.667094264645781,0.0012315935788945321,1.0
116.58977955911824,6.667211033102818,0.0012329151941450267,1.0
116.84008016032065,6.667327427382825,0.001234234228041143,1.0
117.09038076152305,6.667443447147106,0.0012355506775207988,1.0
117.34068136272546,6.667559092058456,0.0012368645395281538,1.0
117.59098196392786,6.667674361781162,0.0012381758110136182,1.0
117.84128256513027,6.6677892559809955,0.0012394844889338738,1.0
118.09158316633268,6.667903774325198,0.0012407905702518836,1.0
118.34188376753508,6.668017916482476,0.001242094051936906,1.0
118.59218436873749,6.668131682123007,0.001243394930964512,1.0
118.84248496993989,6.668245070918406,0.001244693204316595,1.0
119.0927855711423,6.668358082541748,0.0012459888689813892,1.0
119.3430861723447,6.668470716667538,0.0012472819219534808,1.0
119.59338677354711,6.668582972971716,0.0012485723602338231,1.0
119.8436873747495,6.668694851131649,0.0012498601808297498,1.0
120.09398797595192,6.66880635082612,0.0012511453807549898,1.0
120.34428857715432,6.668917471735327,0.00125242795702968,1.0
120.59458917835673,6.669028213540873,0.0012537079066803826,1.0
120.84488977955913,6.669138575925759,0.001254985226740094,1.0
121.09519038076154,6.669248558574381,0.0012562599142482618,1.0
121.34549098196393,6.669358161172521,0.0012575319662507982,1.0
121.59579158316635,6.669467383407341,0.0012588013798000936,1.0
121.84609218436874,6.669576224967375,0.0012600681519550315,1.0
122.09639278557115,6.6696846855425305,0.0012613322797810002,1.0
122.34669338677355,6.669792764824074,0.001262593760349907,1.0
122.59699398797596,6.6699004625046285,0.0012638525907401948,1.0
122.84729458917836,6.6700077782781655,0.0012651087680368525,1.0
123.09759519038077,6.6701147118400055,0.00126636228933143,1.0
123.34789579158318,6.670221262886805,0.001267613151722051,1.0
123.59819639278558,6.670327431116553,0.0012688613523134293,1.0
123.848496993988,6.670433216228567,0.0012701068882168785,1.0
124.09879759519039,6.6705386179234845,0.0012713497565503295,1.0
124.3490981963928,6.670643635903264,0.001272589954438341,1.0
124.5993987975952,6.6707482698711695,0.0012738274790121144,1.0
124.84969939879761,6.670852519531774,0.0012750623274095075,1.0
125.10000000000001,6.670956384590949,0.0012762944967750485,1.0
125.35030060120242,6.671059864755861,0.0012775239842599477,1.0
125.60060120240482,6.671162959734966,0.0012787507870221113,1.0
125.85090180360723,6.671265669238007,0.0012799749022261576,1.0
126.10120240480963,6.671367992976004,0.001281196327043426,1.0
126.35150300601204,6.671469930661249,0.0012824150586519946,1.0
126.60180360721444,6.671571482007307,0.0012836310942366902,1.0
126.85210420841685,6.671672646729009,0.0012848444309891036,1.0
127.10240480961924,6.67177342454244,0.0012860550661076024,1.0
127.35270541082166,6.671873815164945,0.0012872629967973438,1.0
127.60300601202405,6.671973818315113,0.001288468220270288,1.0
127.85330661322647,6.672073433712784,0.0012896707337452127,1.0
128.10360721442885,6.672172661079034,0.0012908705344477243,1.0
128.35390781563126,6.672271500136177,0.0012920676196102713,1.0
128.60420841683367,6.67236995060776,0.0012932619864721598,1.0
128.85450901803608,6.672468012218552,0.0012944536322795634,1.0
129.10480961923847,6.672565684694548,0.0012956425542855385,1.0
129.35511022044088,6.6726629677629585,0.0012968287497500364,1.0
129.6054108216433,6.672759861152208,0.001298012215939916,1.0
129.8557114228457,6.672856364591929,0.0012991929501289575,1.0
130.10601202404808,6.672952477812964,0.001300370949597876,1.0
130.3563126252505,6.673048200547346,0.0013015462116343318,1.0
130.6066132264529,6.673143532528314,0.0013027187335329473,1.0
130.85691382765532,6.673238473490293,0.001303888512595315,1.0
131.1072144288577,6.6733330231688965,0.0013050555461300152,1.0
131.3575150300601,6.673427181300925,0.001306219831452625,1.0
131.60781563126253,6.673520947624354,0.0013073813658857334,1.0
131.85811623246494,6.673614321878339,0.0013085401467589528,1.0
132.10841683366732,6.673707303803207,0.0013096961714089337,1.0
132.35871743486973,6.6737998931404485,0.0013108494371793732,1.0
132.60901803607214,6.673892089632721,0.0013119999414210317,1.0
132.85931863727455,6.673983893023843,0.001313147681491746,1.0
133.10961923847694,6.67407530305879,0.0013142926547564365,1.0
133.35991983967935,6.674166319483684,0.0013154348585871255,1.0
133.61022044088176,6.674256942045803,0.0013165742903629473,1.0
133.86052104208417,6.674347170493567,0.001317710947470161,1.0
134.11082164328658,6.674437004576538,0.0013188448273021634,1.0
134.36112224448897,6.674526444045414,0.0013199759272594985,1.0
134.61142284569138,6.67461548865203,0.0013211042447498762,1.0
134.8617234468938,6.67470413814935,0.0013222297771881767,1.0
135.1120240480962,6.674792392291467,0.001323352521996471,1.0
135.36232464929859,6.6748802508335965,0.0013244724766040272,1.0
135.612625250501,6.674967713532073,0.0013255896384473242,1.0
135.8629258517034,6.675054780144352,0.001326704004970066,1.0
136.11322645290582,6.675141450428999,0.0013278155736231923,1.0
136.3635270541082,6.67522772414569,0.0013289243418648893,1.0
136.61382765531062,6.675313601055211,0.001330030307160605,1.0
136.86412825651303,6.675399080919447,0.0013311334669830598,1.0
137.11442885771544,6.6754841635013875,0.0013322338188122577,1.0
137.36472945891782,6.675568848565119,0.0013333313601354992,1.0
137.61503006012023,6.675653135875818,0.0013344260884473951,1.0
137.86533066132264,6.6757370251997585,0.0013355180012498734,1.0
138.11563126252506,6.675820516304298,0.001336607096052198,1.0
138.36593186372744,6.675903608957877,0.0013376933703709744,1.0
138.61623246492985,6.675986302930023,0.0013387768217301662,1.0
138.86653306613226,6.676068597991339,0.0013398574476611049,1.0
139.11683366733467,6.676150493913506,0.001340935245702502,1.0
139.3671342685371,6.676231990469274,0.001342010213400459,1.0
139.61743486973947,6.676313087432466,0.0013430823483084838,1.0
139.86773547094188,6.676393784577973,0.0013441516479874977,1.0
140.1180360721443,6.676474081681746,0.0013452181100058497,1.0
140.3683366733467,6.676553978520801,0.0013462817319393255,1.0
140.6186372745491,6.676633474873211,0.0013473425113711645,1.0
140.8689378757515,6.676712570518103,0.0013484004458920653,1.0
141.1192384769539,6.676791265235661,0.0013494555331001995,1.0
141.36953907815632,6.676869558807117,0.0013505077706012262,1.0
141.6198396793587,6.67694745101475,0.001351557156008298,1.0
141.87014028056112,6.677024941641884,0.0013526036869420763,1.0
142.12044088176353,6.677102030472886,0.0013536473610307436,1.0
142.37074148296594,6.677178717293161,0.0013546881759100096,1.0
142.62104208416832,6.677255001889156,0.0013557261292231285,1.0
142.87134268537073,6.677330884048342,0.0013567612186209063,1.0
143.12164328657315,6.677406363559234,0.0013577934417617148,1.0
143.37194388777556,6.677481440211367,0.0013588227963115002,1.0
143.62224448897794,6.677556113795309,0.0013598492799437969,1.0
143.87254509018035,6.677630384102647,0.001360872890339736,1.0
144.12284569138276,6.677704250925995,0.0013618936251880587,1.0
144.37314629258518,6.6777777140589825,0.001362911482185127,1.0
144.6234468937876,6.677850773296258,0.0013639264590349334,1.0
144.87374749498997,6.677923428433484,0.0013649385534491125,1.0
145.12404809619238,6.677995679267336,0.0013659477631469536,1.0
145.3743486973948,6.678067525595497,0.0013669540858554092,1.0
145.6246492985972,6.678138967216662,0.0013679575193091078,1.0
145.8749498997996,6.678210003930528,0.0013689580612503637,1.0
146.125250501002,6.678280635537794,0.0013699557094291874,1.0
146.3755511022044,6.678350861840164,0.0013709504616032985,1.0
146.62585170340682,6.678420682640336,0.0013719423155381342,1.0
146.8761523046092,6.678490097742008,0.001372931269006861,1.0
147.12645290581162,6.678559106949871,0.0013739173197903863,1.0
147.37675350701403,6.678627710069605,0.0013749004656773668,1.0
147.62705410821644,6.678695906907886,0.0013758807044642201,1.0
147.87735470941882,6.678763697272371,0.0013768580339551376,1.0
148.12765531062124,6.678831080971707,0.001377832451962091,1.0
148.37795591182365,6.678898057815523,0.0013788039563048464,1.0
148.62825651302606,6.6789646276144286,0.001379772544810971,1.0
148.87855711422844,6.6790307901800166,0.0013807382153158483,1.0
149.12885771543085,6.67909654532485,0.0013817009656626829,1.0
149.37915831663327,6.679161892862473,0.001382660793702518,1.0
149.62945891783568,6.679226832607402,0.0013836176972942366,1.0
149.8797595190381,6.679291364375122,0.0013845716743045799,1.0
150.13006012024047,6.679355487982093,0.0013855227226081549,1.0
150.38036072144288,6.679419203245734,0.001386470840087441,1.0
150.6306613226453,6.679482509984439,0.0013874160246328054,1.0
150.8809619238477,6.6795454080175585,0.001388358274142511,1.0
151.1312625250501,6.679607897165405,0.001389297586522725,1.0
151.3815631262525,6.679669977249255,0.0013902339596875326,1.0
151.6318637274549,6.679731648091341,0.0013911673915589428,1.0
151.88216432865732,6.67979290951485,0.0013920978800669014,1.0
152.1324649298597,6.679853761343924,0.0013930254231493003,1.0
152.38276553106212,6.6799142034036585,0.0013939500187519858,1.0
152.63306613226453,6.679974235520099,0.00139487166482877,1.0
152.88336673346694,6.680033857520239,0.0013957903593414408,1.0
153.13366733466933,6.68009306923202,0.0013967061002597705,1.0
153.38396793587174,6.68015187048433,0.001397618885561527,1.0
153.63426853707415,6.680210261106998,0.0013985287132324815,1.0
153.88456913827656,6.680268240930799,0.00139943558126642,1.0
154.13486973947894,6.6803258097874405,0.0014003394876651513,1.0
154.38517034068136,6.680382967509576,0.0014012404304385192,1.0
154.63547094188377,6.680439713930794,0.0014021384076044086,1.0
154.88577154308618,6.680496048885615,0.001403033417188756,1.0
155.1360721442886,6.680551972209498,0.0014039254572255622,1.0
155.38637274549097,6.680607483738829,0.001404814525756896,1.0
155.63667334669339,6.6806625833109265,0.0014057006208329096,1.0
155.8869739478958,6.680717270764038,0.0014065837405118427,1.0
156.1372745490982,6.68077154593734,0.0014074638828600347,1.0
156.3875751503006,6.680825408670927,0.0014083410459519333,1.0
156.637875751503,6.680878858805828,0.001409215227870105,1.0
156.88817635270541,6.680931896183984,0.0014100864267052407,1.0
157.13847695390783,6.680984520648265,0.0014109546405561679,1.0
157.3887775551102,6.681036732042456,0.0014118198675298595,1.0
157.63907815631262,6.68108853021126,0.001412682105741442,1.0
157.88937875751503,6.681139915000298,0.001413541353314204,1.0
158.13967935871744,6.681190886256104,0.001414397608379607,1.0
158.38997995991983,6.681241443826125,0.0014152508690772917,1.0
158.64028056112224,6.681291587558725,0.001416101133555091,1.0
158.89058116232465,6.68134131730317,0.0014169483999690337,1.0
159.14088176352706,6.681390632909641,0.0014177926664833565,1.0
159.39118236472945,6.6814395342292245,0.0014186339312705124,1.0
159.64148296593186,6.681488021113915,0.0014194721925111786,1.0
159.89178356713427,6.681536093416608,0.0014203074483942664,1.0
160.14208416833668,6.681583750991106,0.0014211396971169285,1.0
160.3923847695391,6.681630993692111,0.001421968936884567,1.0
160.64268537074148,6.681677821375226,0.001422795165910845,1.0
160.8929859719439,6.681724233896954,0.0014236183824176915,1.0
161.1432865731463,6.681770231114697,0.0014244385846353125,1.0
161.3935871743487,6.681815812886751,0.001425255770802198,1.0
161.6438877755511,6.681860979072308,0.0014260699391651305,1.0
161.8941883767535,6.681905729531453,0.0014268810879791934,1.0
162.14448897795592,6.681950064125167,0.0014276892155077807,1.0
162.39478957915833,6.681993982715317,0.001428494320022603,1.0
162.6450901803607,6.682037485164665,0.0014292963998036945,1.0
162.89539078156312,6.682080571336859,0.0014300954531394278,1.0
163.14569138276553,6.682123241096432,0.0014308914783265137,1.0
163.39599198396795,6.682165494308812,0.001431684473670016,1.0
163.64629258517033,6.6822073308403,0.0014324744374833534,1.0
163.89659318637274,6.682248750558091,0.0014332613680883132,1.0
164.14689378757515,6.682289753330254,0.0014340452638150558,1.0
164.39719438877756,6.682330339025748,0.0014348261230021238,1.0
164.64749498997995,6.682370507514403,0.0014356039439964478,1.0
164.89779559118236,6.682410258666936,0.001436378725153359,1.0
165.14809619238477,6.682449592354933,0.0014371504648365908,1.0
165.39839679358718,6.682488508450865,0.0014379191614182919,1.0
165.64869739478956,6.6825270068280735,0.0014386848132790305,1.0
165.89899799599198,6.682565087360774,0.001439447418807803,1.0
166.1492985971944,6.682602749924057,0.0014402069764020424,1.0
166.3995991983968,6.682639994393882,0.0014409634844676244,1.0
166.6498997995992,6.6826768206470835,0.0014417169414188767,1.0
166.9002004008016,6.682713228561361,0.001442467345678584,1.0
167.150501002004,6.682749218015284,0.0014432146956779974,1.0
167.40080160320642,6.68278478888829,0.0014439589898568414,1.0
167.65110220440883,6.682819941060682,0.0014447002266633198,1.0
167.9014028056112,6.682854674413628,0.001445438404554125,1.0
168.15170340681362,6.682888988829161,0.0014461735219944455,1.0
168.40200400801604,6.682922884190174,0.0014469055774579697,1.0
168.65230460921845,6.682956360380426,0.001447634569426896,1.0
168.90260521042083,6.682989417284532,0.0014483604963919402,1.0
169.15290581162324,6.683022054787972,0.0014490833568523405,1.0
169.40320641282565,6.683054272777079,0.0014498031493158652,1.0
169.65350701402807,6.683086071139049,0.0014505198722988223,1.0
169.90380761523045,6.683117449761928,0.0014512335243260597,1.0
170.15410821643286,6.683148408534626,0.0014519441039309812,1.0
170.40440881763527,6.683178947346898,0.0014526516096555458,1.0
170.65470941883768,6.683209066089361,0.0014533560400502774,1.0
170.90501002004007,6.683238764653478,0.0014540573936742728,1.0
171.15531062124248,6.683268042931567,0.0014547556690952062,1.0
171.4056112224449,6.683296900816794,0.0014554508648893351,1.0
171.6559118236473,6.6833253382031765,0.0014561429796415115,1.0
171.9062124248497,6.683353354985582,0.001456832011945184,1.0
172.1565130260521,6.683380951059719,0.0014575179604024036,1.0
172.4068136272545,6.683408126322149,0.001458200823623836,1.0
172.65711422845692,6.683434880670276,0.0014588806002287613,1.0
172.90741482965933,6.6834612140023495,0.0014595572888450848,1.0
173.1577154308617,6.683487126217463,0.0014602308881093422,1.0
173.40801603206413,6.6835126172155475,0.0014609013966667042,1.0
173.65831663326654,6.683537686897385,0.0014615688131709844,1.0
173.90861723446895,6.683562335164591,0.0014622331362846462,1.0
174.15891783567133,6.683586561919624,0.0014628943646788073,1.0
174.40921843687374,6.6836103670657785,0.0014635524970332465,1.0
174.65951903807616,6.683633750507191,0.0014642075320364096,1.0
174.90981963927857,6.683656712148831,0.001464859468385414,1.0
175.16012024048095,6.683679251896508,0.001465508304786059,1.0
175.41042084168336,6.683701369656864,0.001466154039952827,1.0
175.66072144288577,6.683723065337375,0.0014667966726088918,1.0
175.91102204408818,6.683744338846353,0.0014674362014861222,1.0
176.16132264529057,6.683765190092942,0.0014680726253250927,1.0
176.41162324649298,6.6837856189871125,0.001468705942875082,1.0
176.6619238476954,6.683805625439674,0.0014693361528940864,1.0
176.9122244488978,6.683825209362262,0.001469963254148818,1.0
177.16252505010021,6.68384437066734,0.0014705872454147174,1.0
177.4128256513026,6.683863109268201,0.001471208125475952,1.0
177.663126252505,6.683881425078964,0.001471825893125429,1.0
177.91342685370742,6.683899318014578,0.0014724405471647948,1.0
178.16372745490983,6.683916787990811,0.001473052086404443,1.0
178.41402805611222,6.683933834924266,0.0014736605096635203,1.0
178.66432865731463,6.683950458732358,0.0014742658157699288,1.0
178.91462925851704,6.6839666593333344,0.0014748680035603363,1.0
179.16492985971945,6.683982436646262,0.001475467071880177,1.0
179.41523046092183,6.683997790591024,0.0014760630195836577,1.0
179.66553106212424,6.684012721088333,0.0014766558455337649,1.0
179.91583166332666,6.684027228059717,0.001477245548602268,1.0
180.16613226452907,6.684041311427523,0.0014778321276697236,1.0
180.41643286573145,6.6840549711149135,0.0014784155816254837,1.0
180.66673346693386,6.6840682070458755,0.0014789959093676973,1.0
180.91703406813627,6.6840810191452045,0.0014795731098033163,1.0
181.1673346693387,6.684093407338518,0.0014801471818481023,1.0
181.41763527054107,6.6841053715522465,0.0014807181244266274,1.0
181.66793587174348,6.684116911713632,0.0014812859364722823,1.0
181.9182364729459,6.6841280277507344,0.0014818506169272801,1.0
182.1685370741483,6.684138719592423,0.0014824121647426614,1.0
182.41883767535072,6.68414898716838,0.001482970578878297,1.0
182.6691382765531,6.684158830409101,0.0014835258583028932,1.0
182.9194388777555,6.684168249245887,0.0014840780019939992,1.0
183.16973947895792,6.684177243610851,0.0014846270089380067,1.0
183.42004008016033,6.684185813436917,0.0014851728781301579,1.0
183.67034068136272,6.684193958657815,0.001485715608574549,1.0
183.92064128256513,6.684201679208081,0.0014862551992841345,1.0
184.17094188376754,6.68420897502306,0.001486791649280728,1.0
184.42124248496995,6.684215846038902,0.001487324957595015,1.0
184.67154308617233,6.68422229219256,0.0014878551232665473,1.0
184.92184368737475,6.684228313421793,0.0014883821453437528,1.0
185.17214428857716,6.684233909665167,0.0014889060228839394,1.0
185.42244488977957,6.684239080862043,0.0014894267549532964,1.0
185.67274549098195,6.684243826952592,0.0014899443406269006,1.0
185.92304609218436,6.68424814787778,0.0014904587789887184,1.0
186.17334669338678,6.684252043579378,0.001490970069131614,1.0
186.4236472945892,6.684255513999957,0.0014914782101573467,1.0
186.67394789579157,6.684258559082883,0.001491983201176579,1.0
186.92424849699398,6.684261178772324,0.0014924850413088808,1.0
187.1745490981964,6.684263373013243,0.0014929837296827298,1.0
187.4248496993988,6.684265141751405,0.0014934792654355184,1.0
187.67515030060122,6.684266484933366,0.0014939716477135553,1.0
187.9254509018036,6.684267402506482,0.0014944608756720693,1.0
188.175751503006,6.684267894418899,0.0014949469484752142,1.0
188.42605210420842,6.684267960619562,0.0014954298652960708,1.0
188.67635270541084,6.684267601058207,0.0014959096253166502,1.0
188.92665330661322,6.684266815685363,0.0014963862277278968,1.0
189.17695390781563,6.684265604452352,0.0014968596717296948,1.0
189.42725450901804,6.684263967311288,0.0014973299565308675,1.0
189.67755511022045,6.684261904215072,0.0014977970813491825,1.0
189.92785571142284,6.684259415117399,0.0014982610454113538,1.0
190.17815631262525,6.6842564999727525,0.001498721847953047,1.0
190.42845691382766,6.684253158736405,0.0014991794882188783,1.0
190.67875751503007,6.684249391364416,0.001499633965462423,1.0
190.92905811623245,6.684245197813633,0.0015000852789462137,1.0
191.17935871743487,6.684240578041688,0.0015005334279417455,1.0
191.42965931863728,6.684235532007004,0.001500978411729479,1.0
191.6799599198397,6.684230059668785,0.0015014202295988417,1.0
191.93026052104207,6.684224160987021,0.0015018588808482318,1.0
192.18056112224448,6.684217835922487,0.0015022943647850211,1.0
192.4308617234469,6.684211084436739,0.0015027266807255578,1.0
192.6811623246493,6.684203906492118,0.0015031558279951663,1.0
192.93146292585172,6.684196302051746,0.0015035818059281538,1.0
193.1817635270541,6.684188271079526,0.0015040046138678114,1.0
193.4320641282565,6.684179813540143,0.0015044242511664152,1.0
193.68236472945893,6.684170929399061,0.0015048407171852308,1.0
193.93266533066134,6.684161618622524,0.0015052540112945134,1.0
194.18296593186372,6.684151881177554,0.001505664132873512,1.0
194.43326653306613,6.684141717031953,0.001506071081310472,1.0
194.68356713426854,6.6841311261542975,0.001506474856002634,1.0
194.93386773547095,6.684120108513943,0.001506875456356241,1.0
195.18416833667334,6.684108664081021,0.0015072728817865362,1.0
195.43446893787575,6.684096792826435,0.0015076671317177672,1.0
195.68476953907816,6.684084494721872,0.001508058205583189,1.0
195.93507014028057,6.684071769739784,0.0015084461028250628,1.0
196.18537074148296,6.684058617853401,0.00150883082289466,1.0
196.43567134268537,6.684045039036727,0.0015092123652522662,1.0
196.68597194388778,6.684031033264535,0.001509590729367177,1.0
196.9362725450902,6.684016600512373,0.0015099659147177061,1.0
197.18657314629257,6.684001740756557,0.0015103379207911832,1.0
197.43687374749499,6.683986453974177,0.0015107067470839575,1.0
197.6871743486974,6.683970740143089,0.0015110723931013991,1.0
197.9374749498998,6.683954599241921,0.0015114348583578974,1.0
198.18777555110222,6.68393803125007,0.0015117941423768704,1.0
198.4380761523046,6.683921036147698,0.001512150244690757,1.0
198.68837675350701,6.683903613915738,0.0015125031648410242,1.0
198.93867735470943,6.683885764535885,0.0015128529023781675,1.0
199.18897795591184,6.6838674879906055,0.0015131994568617097,1.0
199.43927855711422,6.6838487842631285,0.0015135428278602065,1.0
199.68957915831663,6.683829653337446,0.0015138830149512442,1.0
199.93987975951904,6.683810095198321,0.0015142200177214423,1.0
200.19018036072146,6.68379010983127,0.0015145538357664544,1.0
200.44048096192384,6.6837696972225835,0.0015148844686909697,1.0
200.69078156312625,6.683748857359305,0.001515211916108713,1.0
200.94108216432866,6.683727590229248,0.001515536177642447,1.0
201.19138276553107,6.68370589582098,0.0015158572529239728,1.0
201.44168336673346,6.683683774123833,0.0015161751415941292,1.0
201.69198396793587,6.6836612251278975,0.001516489843302798,1.0
201.94228456913828,6.683638248824026,0.001516801357708898,1.0
202.1925851703407,6.683614845203827,0.0015171096844803916,1.0
202.44288577154308,6.683591014259667,0.0015174148232942834,1.0
202.6931863727455,6.683566755984672,0.0015177167738366206,1.0
202.9434869739479,6.683542070372723,0.001518015535802494,1.0
203.1937875751503,6.683516957418459,0.0015183111088960379,1.0
203.44408817635272,6.683491417117274,0.0015186034928304317,1.0
203.6943887775551,6.683465449465318,0.0015188926873278992,1.0
203.94468937875752,6.683439054459495,0.0015191786921197113,1.0
204.19498997995993,6.683412232097459,0.0015194615069461816,1.0
204.44529058116234,6.683384982377623,0.001519741131556672,1.0
204.69559118236472,6.683357305299153,0.00152001756570959,1.0
204.94589178356713,6.683329200861961,0.0015202908091723896,1.0
205.19619238476955,6.6833006690667185,0.0015205608617215713,1.0
205.44649298597196,6.68327170991484,0.001520827723142683,1.0
205.69679358717434,6.683242323408496,0.0015210913932303188,1.0
205.94709418837675,6.683212509550605,0.0015213518717881198,1.0
206.19739478957916,6.683182268344835,0.0015216091586287733,1.0
206.44769539078158,6.6831515997956,0.001521863253574014,1.0
206.69799599198396,6.683120503908065,0.0015221141564546235,1.0
206.94829659318637,6.683088980688142,0.0015223618671104282,1.0
207.19859719438878,6.68305703014249,0.0015226063853903025,1.0
207.4488977955912,6.683024652278512,0.0015228477111521648,1.0
207.69919839679358,6.682991847104359,0.0015230858442629811,1.0
207.949498997996,6.682958614628923,0.0015233207845987606,1.0
208.1997995991984,6.682924954861846,0.0015235525320445573,1.0
208.4501002004008,6.682890867813511,0.0015237810864944705,1.0
208.70040080160322,6.682856353495044,0.0015240064478516425,1.0
208.9507014028056,6.682821411918316,0.001524228616028259,1.0
209.20100200400802,6.682786043095935,0.0015244475909455477,1.0
209.45130260521043,6.682750247041255,0.001524663372533778,1.0
209.70160320641284,6.682714023768369,0.0015248759607322606,1.0
209.95190380761522,6.682677373292111,0.001525085355489346,1.0
210.20220440881764,6.682640295628054,0.0015252915567624242,1.0
210.45250501002005,6.682602790792509,0.001525494564517925,1.0
210.70280561122246,6.682564858802531,0.0015256943787313145,1.0
210.95310621242484,6.682526499675905,0.0015258909993870946,1.0
211.20340681362725,6.682487713431158,0.0015260844264788048,1.0
211.45370741482967,6.682448500087553,0.0015262746600090175,1.0
211.70400801603208,6.68240885966509,0.0015264616999893393,1.0
211.95430861723446,6.682368792184503,0.0015266455464404095,1.0
212.20460921843687,6.682328297667261,0.0015268261993918964,1.0
212.45490981963928,6.6822873761355694,0.0015270036588825005,1.0
212.7052104208417,6.682246027612363,0.001527177924959949,1.0
212.95551102204408,6.682204252121315,0.001527348997680996,1.0
213.2058116232465,6.682162049686831,0.001527516877111423,1.0
213.4561122244489,6.682119420334042,0.0015276815633260333,1.0
213.7064128256513,6.682076364088818,0.0015278430564086552,1.0
213.95671342685372,6.682032880977756,0.0015280013564521354,1.0
214.2070140280561,6.681988971028185,0.0015281564635583427,1.0
214.45731462925852,6.681944634268161,0.001528308377838161,1.0
214.70761523046093,6.681899870726473,0.0015284570994114931,1.0
214.95791583166334,6.681854680432635,0.001528602628407254,1.0
215.20821643286573,6.681809063416891,0.0015287449649633714,1.0
215.45851703406814,6.681763019710211,0.0015288841092267842,1.0
215.70881763527055,6.6817165493442925,0.0015290200613534408,1.0
215.95911823647296,6.681669652351561,0.0015291528215082943,1.0
216.20941883767534,6.6816223287651635,0.0015292823898653033,1.0
216.45971943887776,6.681574578618974,0.0015294087666074302,1.0
216.71002004008017,6.681526401947592,0.0015295319519266365,1.0
216.96032064128258,6.681477798786339,0.0015296519460238833,1.0
217.21062124248496,6.681428769171262,0.0015297687491091275,1.0
217.46092184368737,6.681379313139127,0.0015298823614013203,1.0
217.71122244488978,6.681329430727426,0.001529992783128403,1.0
217.9615230460922,6.681279121974368,0.0015301000145273077,1.0
218.21182364729458,6.681228386918889,0.0015302040558439534,1.0
218.462124248497,6.6811772256006385,0.0015303049073332438,1.0
218.7124248496994,6.68112563805999,0.0015304025692590632,1.0
218.96272545090181,6.681073624338036,0.0015304970418942763,1.0
219.21302605210423,6.681021184476584,0.0015305883255207241,1.0
219.4633266533066,6.680968318518161,0.0015306764204292235,1.0
219.71362725450902,6.6809150265060175,0.0015307613269195616,1.0
219.96392785571143,6.68086130848411,0.0015308430453004937,1.0
220.21422845691384,6.680807164497118,0.0015309215758897421,1.0
220.46452905811623,6.680752594590436,0.0015309969190139914,1.0
220.71482965931864,6.680697598810171,0.0015310690750088888,1.0
220.96513026052105,6.680642177203146,0.0015311380442190347,1.0
221.21543086172346,6.680586329816896,0.0015312038269979882,1.0
221.46573146292585,6.680530056699674,0.0015312664237082572,1.0
221.71603206412826,6.680473357900439,0.001531325834721298,1.0
221.96633266533067,6.680416233468867,0.001531382060417514,1.0
222.21663326653308,6.680358683455341,0.0015314351011862478,1.0
222.46693386773546,6.680300707910959,0.0015314849574257828,1.0
222.71723446893787,6.680242306887527,0.0015315316295433368,1.0
222.9675350701403,6.680183480437561,0.0015315751179550607,1.0
223.2178356713427,6.680124228614284,0.0015316154230860341,1.0
223.46813627254508,6.680064551471633,0.0015316525453702603,1.0
223.7184368737475,6.680004449064246,0.0015316864852506669,1.0
223.9687374749499,6.679943921447471,0.001531717243179099,1.0
224.21903807615232,6.679882968677363,0.0015317448196163156,1.0
224.4693386773547,6.679821590810685,0.0015317692150319895,1.0
224.7196392785571,6.679759787904902,0.0015317904299046983,1.0
224.96993987975952,6.679697560018184,0.0015318084647219245,1.0
225.22024048096193,6.6796349072094054,0.0015318233199800523,1.0
225.47054108216435,6.679571829538146,0.00153183499618436,1.0
225.72084168336673,6.679508327064687,0.0015318434938490205,1.0
225.97114228456914,6.679444399850012,0.0015318488134970928,1.0
226.22144288577155,6.6793800479558065,0.0015318509556605231,1.0
226.47174348697396,6.679315271444459,0.0015318499208801374,1.0
226.72204408817635,6.679250070379056,0.0015318457097056384,1.0
226.97234468937876,6.679184444823383,0.0015318383226956018,1.0
227.22264529058117,6.679118394841929,0.0015318277604174709,1.0
227.47294589178358,6.679051920499878,0.001531814023447554,1.0
227.72324649298596,6.678985021863115,0.0015317971123710193,1.0
227.97354709418838,6.678917698998218,0.001531777027781891,1.0
228.2238476953908,6.678849951972467,0.0015317537702830444,1.0
228.4741482965932,6.678781780853837,0.001531727340486203,1.0
228.72444889779558,6.678713185710995,0.0015316977390119313,1.0
228.974749498998,6.678644166613307,0.0015316649664896336,1.0
229.2250501002004,6.678574723630835,0.001531629023557548,1.0
229.47535070140282,6.678504856834329,0.0015315899108627414,1.0
229.7256513026052,6.678434566295236,0.0015315476290611036,1.0
229.9759519038076,6.678363852085696,0.0015315021788173478,1.0
230.22625250501002,6.678292714278541,0.0015314535608050002,1.0
230.47655310621244,6.678221152947288,0.0015314017757063968,1.0
230.72685370741485,6.678149168166157,0.0015313468242126817,1.0
230.97715430861723,6.678076760010047,0.0015312887070238002,1.0
231.22745490981964,6.678003928554553,0.0015312274248484889,1.0
231.47775551102205,6.677930673875955,0.0015311629784042823,1.0
231.72805611222446,6.677856996051224,0.0015310953684174965,1.0
231.97835671342685,6.677782895158018,0.0015310245956232284,1.0
232.22865731462926,6.67770837127468,0.001530950660765355,1.0
232.47895791583167,6.677633424480243,0.0015308735645965198,1.0
232.72925851703408,6.6775580548544236,0.0015307933078781354,1.0
232.97955911823647,6.677482262477624,0.0015307098913803726,1.0
233.22985971943888,6.67740604743093,0.001530623315882159,1.0
233.4801603206413,6.677329409796113,0.0015305335821711708,1.0
233.7304609218437,6.677252349655626,0.0015304406910438316,1.0
233.98076152304608,6.677174867092607,0.001530344643305301,1.0
234.2310621242485,6.677096962190876,0.0015302454397694756,1.0
234.4813627254509,6.677018635034928,0.0015301430812589768,1.0
234.73166332665332,6.676939885709948,0.0015300375686051525,1.0
234.9819639278557,6.676860714301795,0.0015299289026480664,1.0
235.2322645290581,6.676781120897012,0.0015298170842364923,1.0
235.48256513026053,6.676701105582816,0.0015297021142279127,1.0
235.73286573146294,6.6766206684471054,0.0015295839934885075,1.0
235.98316633266535,6.676539809578456,0.0015294627228931543,1.0
236.23346693386773,6.676458529066121,0.0015293383033254176,1.0
236.48376753507014,6.676376827000026,0.0015292107356775447,1.0
236.73406813627255,6.676294703470778,0.0015290800208504606,1.0
236.98436873747497,6.676212158569655,0.0015289461597537597,1.0
237.23466933867735,6.676129192388613,0.0015288091533057035,1.0
237.48496993987976,6.6760458050202764,0.0015286690024332121,1.0
237.73527054108217,6.67596199655795,0.0015285257080718579,1.0
237.98557114228458,6.675877767095605,0.0015283792711658596,1.0
238.23587174348697,6.675793116727886,0.0015282296926680784,1.0
238.48617234468938,6.6757080455501105,0.001528076973540007,1.0
238.7364729458918,6.6756225536582665,0.001527921114751771,1.0
238.9867735470942,6.675536641149009,0.001527762117282113,1.0
239.23707414829659,6.675450308119667,0.0015275999821183933,1.0
239.487374749499,6.675363554668232,0.001527434710256582,1.0
239.7376753507014,6.6752763808933695,0.0015272663027012506,1.0
239.98797595190382,6.67518878689441,0.0015270947604655663,1.0
240.2382765531062,6.6751007727713505,0.0015269200845712892,1.0
240.48857715430862,6.675012338624854,0.0015267422760487591,1.0
240.73887775551103,6.674923484556247,0.001526561335936894,1.0
240.98917835671344,6.674834210667527,0.0015263772652831813,1.0
241.23947895791585,6.674744517061347,0.0015261900651436712,1.0
241.48977955911823,6.6746544038410285,0.0015259997365829712,1.0
241.74008016032064,6.67456387111056,0.0015258062806742373,1.0
241.99038076152306,6.67447291897458,0.0015256096984991702,1.0
242.24068136272547,6.674381547538401,0.0015254099911480032,1.0
242.49098196392785,6.67428975690799,0.0015252071597195022,1.0
242.74128256513026,6.674197547189975,0.001525001205320952,1.0
242.99158316633267,6.674104918491642,0.0015247921290681558,1.0
243.24188376753509,6.674011870920939,0.0015245799320854213,1.0
243.49218436873747,6.673918404586472,0.0015243646155055585,1.0
243.74248496993988,6.6738245195975,0.0015241461804698716,1.0
243.9927855711423,6.6737302160639445,0.0015239246281281505,1.0
244.2430861723447,6.67363549409638,0.0015236999596386644,1.0
244.4933867735471,6.673540353806036,0.0015234721761681546,1.0
244.7436873747495,6.6734447953048015,0.0015232412788918276,1.0
244.9939879759519,6.673348818705211,0.0015230072689933454,1.0
245.24428857715432,6.673252424120463,0.0015227701476648238,1.0
245.4945891783567,6.673155611664401,0.0015225299161068162,1.0
245.74488977955912,6.673058381451523,0.001522286575528314,1.0
245.99519038076153,6.672960733596979,0.001522040127146735,1.0
246.24549098196394,6.67286266821657,0.0015217905721879176,1.0
246.49579158316635,6.672764185426746,0.0015215379118861112,1.0
246.74609218436873,6.672665285344607,0.0015212821474839705,1.0
246.99639278557115,6.672565968087902,0.001521023280232547,1.0
247.24669338677356,6.672466233775028,0.001520761311391281,1.0
247.49699398797597,6.672366082525028,0.0015204962422279945,1.0
247.74729458917835,6.672265514457596,0.001520228074018883,1.0
247.99759519038076,6.672164529693066,0.001519956808048506,1.0
248.24789579158318,6.672063128352422,0.0015196824456097844,1.0
248.4981963927856,6.6719613105572915,0.0015194049880039844,1.0
248.74849699398797,6.671859076429946,0.0015191244365407154,1.0
248.99879759519038,6.6717564260932996,0.0015188407925379231,1.0
249.2490981963928,6.671653359670907,0.0015185540573218743,1.0
249.4993987975952,6.67154987728697,0.0015182642322271566,1.0
249.7496993987976,6.671445979066329,0.0015179713185966659,1.0
250.0,6.671341665134465,0.0015176753177815973,1.0
